id,name,email,age,department_id,salary
1,Pamela Simon,osmith@example.net,35,2,103733.55
2,Jamie Petty,reginaldgood@example.org,37,2,99720.45
3,Lisa Bush,steven66@example.com,60,4,112476.18
4,Margaret Salazar,eric34@example.org,31,4,71440.06
5,David Ellis,smclean@example.org,29,2,62024.06
6,Kristy Johnson,phuff@example.net,52,2,59766.3
7,Jamie Ruiz,fisherrachel@example.com,57,2,39111.52
8,Marissa Martin,dgoodwin@example.org,41,3,78502.44
9,Courtney Strickland,castromelissa@example.net,45,1,54786.27
10,Gary White,tobrien@example.com,27,3,69973.01
11,Troy Todd,jenkinsmichael@example.net,42,3,97325.94
12,Nichole Wells,jensenkevin@example.com,30,1,78503.86
13,Oscar Boyd,davidmclaughlin@example.net,26,5,63289.33
14,Taylor Brooks,pbrown@example.net,55,4,90051.42
15,Jessica Ochoa,wwade@example.com,46,5,54304.34
16,Sara Warren,whitealicia@example.org,53,2,45562.03
17,Taylor Nash,ffuller@example.net,33,4,113668.68
18,Miranda Hill,jeffrey24@example.net,49,2,88753.89
19,Matthew Villarreal,smithlauren@example.net,30,5,56087.2
20,Teresa Burgess,owensangela@example.org,51,4,69041.48
21,Megan Long,xevans@example.net,54,2,91987.69
22,Michael Bell,amberquinn@example.net,59,4,35060.33
23,Cameron Green,thays@example.org,47,2,80365.19
24,Samuel Holden,jessica12@example.org,21,4,45310.91
25,Miss Mackenzie Brown,daniel31@example.com,57,1,48284.71
26,Angela Martin,vlevine@example.org,50,1,70494.23
27,Melissa Green,phillipstaylor@example.org,59,3,74488.85
28,Rachel Cobb,amanda72@example.com,50,2,94524.44
29,Elizabeth Lambert,patricia67@example.net,55,2,30474.55
30,Frederick Kirk,nobrien@example.com,33,3,57893.0
31,Leon Buchanan,monicapeterson@example.com,26,4,46012.85
32,Kathryn Henderson,louismcdonald@example.com,27,5,47614.4
33,Stephanie Bond,hebertmary@example.org,50,5,83906.79
34,Kim Castro,lisa85@example.net,51,1,102061.29
35,Brianna Cobb,caldwellmichael@example.net,51,3,83596.47
36,Catherine Adkins,amandawolfe@example.com,21,4,82376.8
37,Lindsey Townsend,maddenjennifer@example.net,37,1,35944.32
38,Tina Smith,eortiz@example.net,28,4,62930.92
39,Valerie Morris,aalexander@example.net,29,3,110359.24
40,Sarah Steele,edward33@example.org,41,4,67712.27
41,Tiffany Kirk,barrettcharles@example.net,37,4,99455.29
42,Michael Singleton,derrick55@example.com,31,1,37663.08
43,Nicole Morgan,christina26@example.org,29,2,42349.21
44,Jake Johnson,victor56@example.org,36,2,63365.12
45,Stephanie Dennis,christopher48@example.net,58,5,40355.63
46,Alicia Hodges,danny56@example.com,22,1,80710.74
47,Deborah Smith,ryan92@example.org,54,4,39765.2
48,Stephanie Cervantes,gregory18@example.net,50,1,105500.71
49,Jerry Reyes,villarrealjoshua@example.org,36,5,90866.64
50,Melanie Davis,kelly35@example.net,34,4,93171.2
51,Cody Williams,higginscharles@example.com,54,2,51663.56
52,Bianca Monroe,patricia71@example.com,40,3,62542.61
53,Paul Nelson,stephen77@example.com,58,3,64870.98
54,Whitney Pacheco,brobinson@example.net,23,4,66655.75
55,Alexis Chung,rebecca11@example.net,24,1,99018.45
56,Mary Peterson,jessica02@example.org,26,4,92814.03
57,Ashley Harding,allen32@example.org,48,1,30296.22
58,Elizabeth Mckenzie,slowery@example.com,32,3,114122.1
59,Samuel Gay,rebecca73@example.org,54,5,89717.82
60,Aaron Gates,warerichard@example.com,33,5,113712.83
61,Raymond Smith,zedwards@example.net,24,5,63106.53
62,Betty Vasquez,williamsmelissa@example.net,48,5,87510.59
63,Ronald Horton,stacymathews@example.net,23,3,50252.11
64,Shannon Harris,davidmendoza@example.com,22,1,37105.38
65,Lance Sanders,castilloerika@example.net,58,5,75178.59
66,Madison Adams,dwaynehanson@example.com,30,3,110720.49
67,David Holmes,parrishbrandon@example.org,21,2,106551.2
68,Diamond Olsen,eramirez@example.net,55,2,37193.98
69,Jessica Rodriguez,jenniferwalsh@example.org,21,4,116085.06
70,Brenda Wyatt,mkirk@example.net,38,1,115713.21
71,Karen Gonzales,melanie70@example.org,35,4,43876.26
72,Sarah Hunt,alex85@example.net,22,4,112469.15
73,Terri Newton,mcconnellherbert@example.net,22,1,41607.21
74,Terry Freeman,katherine16@example.net,43,1,31039.69
75,Vanessa Martin,shannon50@example.org,54,3,43490.14
76,Kirsten Hernandez,michaellevy@example.net,38,4,42258.41
77,George Rangel,nvega@example.com,49,2,91167.56
78,Richard Ramos,eochoa@example.com,51,4,37799.23
79,Jeffrey Goodman,oscarmartinez@example.com,38,2,41832.02
80,Charles Douglas,cwilcox@example.net,23,3,103895.38
81,Maria Herring,trogers@example.net,43,4,99444.04
82,Matthew Miles,lharrington@example.org,43,4,117939.7
83,Alyssa Hodges,tclay@example.org,34,4,59355.36
84,Gregg Warren,uconway@example.net,51,5,49118.1
85,Michele Quinn,debrabaker@example.com,55,2,63823.25
86,Dana Knapp,sheributler@example.com,60,3,59560.67
87,Paul Jackson,nunezalexander@example.net,50,5,118323.46
88,Jeffrey Daugherty,brandon37@example.net,25,5,33059.87
89,Heather Gutierrez,denisetaylor@example.com,43,5,38046.92
90,Carla Miller,gordonmichael@example.com,57,2,57471.52
91,Matthew Nunez,wramirez@example.com,26,1,46731.27
92,Antonio Hansen,jennifertaylor@example.net,45,2,110695.82
93,Amanda Griffin,shannon63@example.org,32,5,91654.56
94,Douglas Black,brennandavid@example.com,34,3,31958.33
95,Daniel Diaz,lewiskerri@example.net,56,4,113115.92
96,Paul Webb,christyfarmer@example.com,26,1,58619.62
97,Teresa Gould,joshua55@example.org,56,3,95880.84
98,Carrie Smith,stacey74@example.net,40,1,74620.88
99,Daniel Jordan,ebates@example.org,24,5,119842.27
100,Ashley Barrett,bradleyhodges@example.net,40,1,45314.29
